lemma,cat,def,etym,fam,proc,aff,rad,etym_mean,lang,base,etym_fam,label
oblation,Nom commun,"['Offrande, action par laquelle on offre quelque chose à Dieu.']","['Du latin oblatio (« offrande »).', 'oblatiun.']","['oblationnaire', 'oblat', 'oblatif', 'oblativité', 'oblature', 'oblateur', 'oblation', 'offrande', 'offrant', 'offre', 'offreur', 'offreuse', 'offrir']",['suffixation'],['-ion'],oblat-,"[('oblatio', 'offrande')]",latin,offrir,"['oblationnaire', 'oblat', 'oblatif', 'oblativité', 'oblature', 'oblateur']",supplétion rare
oiseau,Nom commun,"['Animal vertébré théropode, à deux pattes et deux ailes, ovipare, homéotherme, au corps couvert de plumes et qui possède un bec corné dépourvu de dents.']","['Du moyen français oiseau, oyseau, de l’ancien français oisel, du bas latin aucellus (« petit oiseau »), forme contractée de *avicellus, diminutif du latin avis (« oiseau »).']","['antioiseau', 'oiseaulogue', 'oiselage', 'oiseler', 'oiselet', 'oiselier', 'oiselle', 'oisellerie', 'oisillon', 'zoiseau', 'moquoiseau', 'Loiseau', 'volatile', 'zèbre', 'zigoto', 'zoziau', 'zozio', 'zozyau', 'roitelet', 'papegai', 'auge', 'piaf', 'aviaire', 'couvée', 'nichée', 'aviarité', 'avien', 'oiseau', 'oiselette', 'oiseleur', 'oisellette', 'ornithien']",[],[],NULL,[],NULL,NULL,[],non dérivé
nez,Nom commun,['Partie saillante du visage entre la bouche et le front couvrant l’organe communiquant avec les poumons permettant de sentir et de respirer.'],"['Du moyen français nez, de l’ancien français nes (Chanson de Roland), du latin nasus (même sens). Plus avant, de l’indo-européen commun *nas- dont sont issus l’anglais nose, l’allemand Nase, le tchèque ou le polonais nos, le russe нос nos, le lituanien nosis, le sanskrit नासिका, nāsikā.', ""(L'orthographe nez est notamment utilisée pour parler de saignées)""]","['appendice', 'blair', 'blaire', 'blase', 'blaze', 'nase', 'naze', 'pif', 'reniflant', 'renifloir', 'tarbouif', 'tarin', 'groin', 'mufle', 'museau', 'trompe', 'nasal', 'nasalisation', 'nasaliser', 'naseau', 'enluminé', 'cartilagineuse', 'visage', 'tête', 'corps', 'antinazi', 'antinazisme', 'catarhinien', 'catarrhinien', 'dénasalisation', 'dénasaliser', 'dénazification', 'dénazifier', 'haplorrhinien', 'nasalité', 'naserie', 'nasette', 'nasière', 'nazi', 'nazinette', 'nazisme', 'naziste', 'nazitude', 'nazité', 'nez', 'rhinite', 'semi-nasal', 'Nazinette']",[],[],NULL,[],NULL,NULL,[],non dérivé
nutrition,Nom commun,"[""Métabolisation des nutriments en vue de leur assimilation pour la croissance, l'entretien, le fonctionnement de l'organisme.""]",['Du latin nutritio (« action de nourrir ») de nutrire (« nourrir »).'],"['malnutrition', 'micronutrition', 'nutritionnel', 'nutritionniste', 'diététique', 'nutriment', 'nutritif', 'nourrain', 'nourrette', 'nourri', 'nourrice', 'nourriciat', 'nourricier', 'nourrin', 'nourrir', 'nourrissage', 'nourrissant', 'nourrissement', 'nourrisseur', 'nourriçat', 'nutriciat', 'nutricier', 'nutrition', 'nutritivité']",['suffixation'],['-ion'],nutrit-,"[('nutritio', 'action de nourrir'), ('nutrire', 'nourrir')]",latin,nourir,"['malnutrition', 'micronutrition', 'nutritionnel', 'nutritionniste', 'nutritif', 'nutriciat', 'nutricier', 'nutritif', 'nutrition', 'nutritionnel', 'nutritionniste', 'nutritivité']",supplétion régulière
évier,Nom commun,"['Table en céramique, en métal ou en pierre, comportant un bassin creusé dans lequel on lave la vaisselle, et qui a un trou pour l’écoulement des eaux.']","['euwier. Eve est une variante du XIᵉ siècle de eau, à rapprocher avec son équivalent poitevin-saintongeais ève/aeve ou wallon aiwî. Évier désigne le récipient qui contient l’eau, comme aiguière dont il est le doublet naturel (voir aigue). Il provient sans doute du latin aquarium ou même du latin aquarius qui aurait pu devenir un adjectif en lieu et place de latin aquatique.']","['sink', 'lavabo', 'aquarien', 'aquette', 'aqueux', 'aquosité', 'déshydratation', 'déshydrater', 'déshydraté', 'eau', 'eautette', 'hydatisme', 'hydraire', 'hydratable', 'hydratant', 'hydratation', 'hydrater', 'hydrateur', 'hydrolien', 'monohydraté', 'réhydratation', 'réhydrater', 'évier', 'aigaire', 'aiguière']",['suffixation'],['-ier'],év-,"[('eve', 'eau')]",ancien français ,eau,[],supplétion rare
feu,Nom commun,"[""Phénomène calorifique et lumineux produit par la combustion d'une matière inflammable ; un des quatre éléments des Anciens.""]","[""Du moyen français feu, de l’ancien français fou (IXᵉ siècle), fu, foc, du bas latin feu, du latin fŏcus (« foyer, âtre, feu de la maison »), qui a supplanté le latin classique ignis à l’époque impériale. Feu est cognat de l’italien fuoco, de l’espagnol fuego, du portugais fogo, du catalan fog ; mais sans rapport avec l'allemand Feuer qui viendrait directement du grec « πῦρ »."", ""Note : en proto-indo-européen commun, il semble qu'il y ait eu deux mots pour le feu, selon les hypothèses de reconstitution. Le premier *h₁n̥gʷnis a donné des mots comme ignis en latin et agni (अग्नि) en sanskrit, et désigne le feu en tant qu'élément animé et actif, comme une entité : ainsi dans des expressions comme « dieu du feu » (Agni est le dieu hindou du feu), ou « esprit du feu », « le feu de la haine fait encore rage dans son âme ».\nLe second *péh₂wr a donné des mots comme fŏcus en latin, fire en anglais, πῦρ en grec ou pir en ombrien, et en français : feu. Cette seconde racine fait référence au feu comme une substance inanimée et envisagée comme un outil (ainsi dans « allumer le deuxième feu de la gazinière pour cuire les légumes »).\nAujourd'hui la plupart des langues indo-européennes semblent n'utiliser qu'un seul mot pour désigner ce substantif, issu soit de la première origine, soit de la seconde.\nLe français possède deux familles de mots issues respectivement de chacune de ces deux origines : de la première viennent des mots comme igné, ignifuge, ignition, ignivome, ignivore, ignicole. De la seconde viennent des mots comme feu ou foyer (lui-même dérivé du latin focarium : « fourneau de cuisine » qui avait remplacé focus) ; ainsi que les mots renvoyant à l'idée de foyer d'ellipse ou de lentille optique (rassemblant et diffusant un rayonnement) qui comportent l'élément foc- tiré de focus, comme focal. Focus a aussi donné fusil par l'intermédiaire de *focilis, « pierre à feu »."", '(Adjectif 1) Dérivé du nom commun. référence nécessaire (résoudre le problème)']","['antifeu', 'boutefeu', 'monofeu', 'calcination', 'consomption', 'crémation', 'ignition', 'incandescence', 'flammes', 'foyer', 'incendie', 'allumette', 'bic', 'briquet', 'Dieu', 'divinité', 'cuisinière', 'four', 'gazinière', 'poêle', 'plaques', 'réchaud', 'âtre', 'crématoire', 'cheminée', 'pyrée', 'maison', 'éclairage', 'lumière', 'spot', 'sémaphore', 'lumière', 'phare', 'éclat', 'scintillement', 'splendeur', 'fire', 'amour', 'folie', 'pistolet', 'pétard', 'début', 'départ', 'start', '🔥', '🚥', '🚦', 'carburant', 'combustible', 'extincteur', 'igné', 'afféage', 'afféagement', 'afféager', 'bifocal', 'bifocalité', 'défocalisation', 'défocaliser', 'feu', 'feutier', 'focal', 'focalisable', 'focalisation', 'focaliser', 'focaliseur', 'focalité']",[],[],NULL,[],NULL,NULL,[],non dérivé
pancalisme,Nom commun,['Doctrine esthétique qui prône que tout doit être considéré sous l’aspect du beau.'],"['Du grec ancien πάγκαλος, pankalos (« tout beau ») et -isme.']","['pancaliste', 'aphrodisme', 'beau', 'pancalisme', 'Beau']",['suffixation'],['-isme'],pancal-,"[('πάγκαλος, pankalos', 'tout beau')]",grec ancien,beau,['pancaliste'],supplétion rare
strabisme,Nom commun,"['Disposition anormale des yeux, qui ne leur permet pas d’être dirigés en même temps sur le même objet.']","['Du grec ancien στραβισμός, strabismos, issu de στραβίζω, strabizô (« loucher »), de στραβός, strabos (« qui louche »).']","['strabique', 'biglouche', 'louchement', 'loucherie', 'strabotomie', 'strabotomiste', 'orthopie', 'louche', 'loucher', 'loucherie', 'louchet', 'louchette', 'loucheur', 'loucheuse', 'strabisme']",['suffixation'],['-isme'],strab-,"[('στραβισμός, strabismos'), ('στραβίζω, strabizô', 'loucher'), ('στραβός, strabos', 'qui louche')]",grec ancien,loucher,"['strabique', 'strabotomie', 'strabotomiste']",supplétion rare
pierre,Nom commun,"['Roche solide et plus ou moins dure, qui constitue une masse compacte dans le sol ou qui affleure à la surface.']","['Du moyen français pierre, de l’ancien français pierre (1100), peddre, pedra, du latin pĕtra (« roche, rocher »), du grec ancien πέτρα, pétra, qui a supplanté lapis en latin populaire.']","['dépierrer', 'désempierrer', 'empierré', 'empierrer', 'épierrer', 'perron', 'pierrade', 'pierraille', 'Pierre', 'pierrer', 'pierreries', 'pierrette', 'pierreuse', 'pierreux', 'pierrier', 'perrière', 'pierriste', 'pierrot', 'pierrure', 'réempierrer', 'aimant', 'coquillier', 'épaufrer', 'épaufrure', 'gélif', 'glyptothèque', 'jade', 'dépierrage', 'empierrage', 'empierrement', 'lapidaire', 'lapidarité', 'lapidateur', 'lapidation', 'lapider', 'monolithe', 'monolithique', 'monolithisme', 'perrier', 'perrière', 'pierre', 'pierrette', 'pierrière', 'pierrot', 'pétré']",[],[],NULL,[],NULL,NULL,[],non dérivé
thélite,Nom commun,['Inflammation du mamelon.'],"['Du grec ancien θηλή, thêlế (« mamelle ») et -ite.']","['thélalgie', 'thélorrhagie', 'thélotisme', 'mammelon', 'thélite']",['suffixation'],['-ite'],thél-,"[('θηλή, thêlế', 'mamelle')]",grec ancien,mammelle,"['thélalgie', 'thélorrhagie', 'thélotisme']",supplétion rare 
ordre,Nom commun,"['Arrangement raisonné et logique, disposition régulière des choses les unes par rapport aux autres.']","['Du latin ordo (« rang, rangée ; classe de citoyens, succession ; distribution régulière ») avec un \\r\\ épenthétique. Le sens d’« ordre religieux » fut premier. Le sens d’« arrangement logique » apparaît en 1155.']","['infraordre', 'superordre', 'agencement', 'classement', 'hiérarchie', 'ordonnancement', 'distribution', 'commandement', 'demande', 'ordination', 'coordinateur', 'coordinatif', 'coordination', 'coordinatrice', 'coordonnance', 'coordonnateur', 'coordonner', 'coordonné', 'désordonnance', 'désordonnement', 'désordonner', 'désordonnerie', 'désordonné', 'incoordonné', 'insubordonné', 'ordinaire', 'ordinal', 'ordinateur', 'ordinatif', 'ordination', 'ordonnable', 'ordonnance', 'ordonnancement', 'ordonnancer', 'ordonnanciel', 'ordonnancier', 'ordonnateur', 'ordonnateur', 'ordonnatrice', 'ordonnement', 'ordonner', 'ordonné', 'ordre', 'réordination', 'réordiner', 'réordonnement', 'réordonner', 'subordination', 'subordonner', 'subordonné']",[],[],NULL,[],NULL,NULL,[],non dérivé
nucléé,Adjectif,['Qui est pourvu de noyau.'],['Du latin nucleatus (« à noyau »).'],"['anti-nucléaire', 'anti-nucléarisme', 'antinucléaire', 'binucléé', 'dénoyautage', 'dénoyauter', 'dénoyauteur', 'dénoyauteuse', 'dénucléarisation', 'dénucléariser', 'extranucléaire', 'internucléaire', 'mononucléaire', 'noyau', 'noyautage', 'noyauter', 'noyauteur', 'noyauteuse', 'nucléaire', 'nucléarisation', 'nucléariser', 'nucléarisme', 'nucléariste', 'nucléarité', 'nucléé', 'plurinucléé', 'polynucléaire', 'polynucléarité', 'polynucléé', 'post-nucléaire', 'postnucléaire', 'énergie nucléaire']",['suffixation'],['-é'],nuclé-,"[('nucleatus', 'à noyau')]",latin,noyau,"['anti-nucléaire', 'anti-nucléarisme', 'antinucléaire', 'binucléé', 'dénucléarisation', 'dénucléariser', 'extranucléaire', 'internucléaire', 'mononucléaire', 'nucléaire', 'nucléarisation', 'nucléariser', 'nucléarisme', 'nucléariste', 'nucléarité', 'plurinucléé', 'polynucléaire', 'polynucléarité', 'polynucléé', 'post-nucléaire', 'postnucléaire', 'énergie nucléaire']",supplétion régulière
ovoïde,Adjectif,['Qui est en forme d’ove ou d’œuf.'],"['Motdérivé de ove, avec le suffixe -oïde.']",[],['suffixation'],['-oïde'],ov-,"[('ove', '')]",latin,œuf,[],supplétion régulière
mois,Nom commun,"['Chacune des douze parties de l’année, dont chacune contient trente ou trente et un jours, excepté la seconde (février), qui est de vingt-huit jours dans les années ordinaires, et de vingt-neuf dans les années bissextiles.']","['Du moyen français mois, de l’ancien français mois, du latin mensis (« mois »).', 'Apparenté à une racine indo-européenne qui signifie « lune ». À comparer avec l’allemand Mond (« lune ») et Monat (« mois »), l’anglais moon (« lune ») et month (« mois »), le tchèque měsíc (« lune » et « mois »), le russe месяц, mesiats (« lune » et « mois »).']","['bimensuel', 'mensualiser', 'mensualité', 'mensuel', 'mensuellement', 'semestre', 'semestriel', 'trimestre', 'trimestriel', 'année', 'bimensualité', 'mensualisation', 'mensuelat', 'mois', 'quadrimestre', 'quadrimestriel', 'semi-mensuel', 'trimestrat']",[],[],NULL,[],NULL,NULL,[],non dérivé
malachite,Nom commun,"['Espèce minérale du groupe des carbonates et du sous-groupe des carbonates anhydres avec anions étrangers de formule Cu₂(CO₃)(OH)₂, susceptible de recevoir un beau poli et employée pour la fabrication d’objets d’ornement.']",['Du latin molochites qui donne melochite au XIIᵉ siècle avec rapprochement de malache (« mauve »).'],"['malachite', 'mauve', 'mauvette']",['suffixation'],['-ite'],malach-,"[('molocites', 'melochite'), ('malache', 'mauve')]",latin | grec ancien,mauve,[],supplétion rare
patibulaire,Adjectif,"['Qui concerne le gibet, qui est destiné à servir de gibet.']","['Adjectif construit sur le substantif latin patibulum (« croix », « potence », « perche »).']","['inquiétant', 'sinistre', 'gibet', 'patibulaire']",['suffixation'],['-aire'],patibul-,"[('patibulum', 'croix, potence, perche')]",latin,gibet,[],supplétion rare
lactique,Adjectif,['Qui provient du lait.'],"['Du latin lac, lactis (« lait ») avec le suffixe -ique.']","['alactique', 'lactiquement', 'paralactique', 'lacticémie', 'nancéique', 'zymique', 'zumique', 'lactique']",['suffixation'],['-ique'],lact-,"[('lac, lactis', 'lait')]",latin,lait,"['alactique', 'lactiquement', 'paralactique', 'lacticémie']",supplétion régulière
groupe,Nom commun,"['Ensemble de personnes, d’animaux.']","['Emprunté à l’italien gruppo (« nœud »), du germanique *kruppa (« masse arrondie »). C’est Évariste Galois qui vers 1830 utilisa le premier ce mot dans son sens mathématique.']","['dégroupement', 'dégrouper', 'groupage', 'groupal', 'groupalement', 'groupé', 'grouper', 'groupement', 'groupeur', 'groupie', 'groupisme', 'groupiste', 'groupoïde', 'groupusculaire', 'groupuscule', 'intragroupe', 'ensemble', 'florilège', 'ribambelle', 'procession', 'troupe', 'dégroupage', 'groupalité', 'groupe', 'groupé', 'regroupage', 'regroupement', 'regrouper']",[],[],NULL,[],NULL,NULL,[],non dérivé
lectrice,Nom commun,"['Celle qui lit seule et silencieusement un livre, un journal, etc., pour son plaisir ou pour s’instruire.']",['Du latin lectrix (« celle qui lit »).'],"['AL', 'audiolectrice', 'BL', 'rectrice', 'tectrice', 'vectrice', 'anagnoste', 'bouquineuse', 'récitante', 'conteuse', 'déclamatrice', 'autrice', 'écrivaine', 'lectorat', 'illisibilité', 'illisible', 'inlisible', 'inéligibilité', 'inéligible', 'lecteur', 'lecteurat', 'lectoral', 'lectorial', 'lectoriat', 'lectoriel', 'lectrice', 'lectural', 'lecture', 'lecturette', 'lecturier', 'lion', 'lionnette', 'lire', 'lisage', 'lisant', 'lisette', 'liseur', 'liseuse', 'lisibilité', 'lisible', 'lu', 'relecture', 'relire', 'relu', 'réélecter', 'réélection', 'rééligibilité', 'rééligible', 'réélire', 'réélu', 'électerat', 'électeur', 'électeurat', 'électif', 'élection', 'électivité', 'électoral', 'électoralisme', 'électoraliste', 'électoralitude', 'électorat', 'électrice', 'élider', 'éligibilité', 'éligible', 'élire', 'élision', 'élitaire', 'élite', 'élitique', 'élitisme', 'élitiste', 'élu', 'Lion', 'Lionnette']",['suffixation'],['-rice'],lect-,"[('lectrix', 'celle qui lit')]",latin,lire,"['audiolectrice', 'lectorat', 'lecteur', 'lecteurat', 'lectoral', 'lectorial', 'lectoriat', 'lectoriel', 'lectural', 'lecture', 'lecturette', 'lecturier', 'relecture', 'réélecter', 'réélection', 'électerat', 'électeur', 'électeurat', 'électif', 'élection', 'électivité', 'électoral', 'électoralisme', 'électoraliste', 'électoralitude', 'électorat', 'électrice']",supplétion régulière
kérosène,Nom commun,"[""Mélange d’hydrocarbures produit par raffinage, qui fut longtemps utilisé comme liquide d’éclairage et sert de nos jours surtout comme carburant pour les avions et comme additif dans l'essence d'automobile.""]","['Appelé d’abord kérosine en 1862, puis kérosène à partir de 1865 ; emprunté à l’anglais kerosene, lui-même dérivé du grec κηρός kêros, « cire » avec le suffixe anglais -ene (français -ène).']","['kérogène', 'naphte', 'pétrole', 'huile', 'essence', 'gazole', 'cirage', 'cire', 'cirer', 'cireur', 'cireuse', 'cireux', 'cirier', 'cirière', 'ciré', 'céréan', 'kérosène']",['suffixation'],['-ène'],kéros-,"[('κηρός, kêros', 'cire')]",grec ancien,cire,['kérogène'],supplétion rare
thalassique,Adjectif,"['Marin, aquatique.']",['Du latin thalassicus (« couleur de la mer »).'],"['maritime', 'thalassique']",['suffixation'],['-ique'],thalass-,"[('thalassicus', 'couleur de la mer')]",latin | grec ancien,mer,[],supplétion rare
cardiaque,Adjectif,['Relatif au cœur.'],['Du latin cardiacus.'],"['intracardiaque', 'carditique', 'cardiaire', 'cardiaque', 'cardite', 'cœur']",['suffixation'],['-aque'],cardi-,"[('cardiacus', '')]",latin | grec ancien,cœur,"['intracardiaque', 'carditique', 'cardiaire', 'cardiaire', 'cardiaque', 'cardite']",supplétion régulière
chthonien,Adjectif,"['Dans la mythologie grecque, relatif aux divinités infernales ou telluriques, c’est-à-dire souterraines, par opposition aux divinités ouraniennes ou éoliennes, c’est-à-dire célestes.']","['Du grec ancien χθόνιος, khthónios (« souterrain »), de χθών, khthṓn (« terre »).']","['infernal', 'souterrain', 'tellurique', 'allochtone', 'autochtone', 'épichthonien', 'céleste', 'éolien', 'ouranien', 'chthonien', 'chtonien', 'déterrage', 'déterrement', 'déterrer', 'déterreur', 'déterré', 'tellure', 'tellureux', 'tellurien', 'tellurique', 'tellurisme', 'tellurite', 'terrage', 'terrain', 'terrasse', 'terrassement', 'terrasser', 'terrassette', 'terrassier', 'terre', 'terrein', 'terrer', 'terrestre', 'terrestritude', 'terrestrité', 'terreux', 'terrien', 'terrier', 'terrir', 'terrière', 'Terre']",['suffixation'],['-ien'],chthon-,"[('χθόνιος, khthónios', 'souterrain'), ('χθών, khthṓn', 'terre')]",grec ancien,terre,"['allochtone', 'autochtone', 'épichthonien']",supplétion rare
phrase,Nom commun,"['Séquence de propositions ordonnées en fonction des règles de la grammaire, permettant de décrire quelque chose.']",['Du latin phrasis.'],"['antiphrase', 'paraphrase', 'paraphraser', 'phrasé', 'phraséologie', 'phraser', 'phraserie', 'phraseur', 'rephraser', 'charabia', 'antiphrastique', 'phrasaire', 'phrase', 'phrasette', 'phraseur', 'phraseuse', 'phrasier', 'phrasounette', 'phrastique']",[],[],NULL,[],NULL,NULL,[],non dérivé
pomme,Nom commun,"['Fruit du pommier, de forme ronde, à la chair ferme et de saveur diverse.']","['Du moyen français pomme, de l’ancien français pome, pume, du bas latin poma (« fruit du pommier »), du latin poma, pluriel neutre de pomum (« fruit [à pépin ou noyau] »), dont le sens dérive en « fruit du pommier » en bas latin en Gaule et dans le nord de l’Italie et qui remplace le latin classique mālum (« fruit du pommier »). Cognat de l’occitan et du catalan poma (« pomme »).']","['pomiforme', 'pommage', 'Pomme', 'pommé', 'pommeau', 'pommer', 'pommeraie', 'pommette', 'pommier', 'pomo', 'tête', 'visage', 'somme', 'volet', 'pomme', 'pommelaie', 'pommeler', 'pommelette', 'pommelière', 'pommelure', 'pommelé', 'pommerée', 'pommier', 'pomminette', 'pommounette', 'Pomminette', 'Pommounette']",[],[],NULL,[],NULL,NULL,[],non dérivé
corps,Nom commun,['Portion de matière qui forme un tout individuel et distinct.'],['Du latin corpus (même sens)\u202f; cors (début du XIIᵉ siècle).'],"['bicorps', 'corporalité', 'corporatisme', 'corporatiste', 'corporéité', 'monocorps', 'tricorps', 'chasse', 'panse', 'robe', 'cadre', 'corporel', 'corporellement', 'incorporel', 'corporatif', 'corporation', 'corpulent', 'corpulence', 'corpus', 'corpuscule', 'corpusculaire', 'incorporer', 'corsage', 'corset', 'corser', 'anticorps', 'corporel', 'corporisation', 'corporiser', 'corps', 'corselet', 'corsetage', 'corseter', 'corsetier', 'corsé', 'incorporalité', 'incorporel', 'métasomatisme', 'somatisation', 'somatiser']",[],[],NULL,[],NULL,NULL,[],non dérivé
coturnisme,Nom commun,['Intoxication aiguë due aux toxines sécrétées par les cailles sauvages.'],['Du latin coturnix « caille ».'],"['caillage', 'caille', 'caillement', 'cailler', 'cailletage', 'cailleter', 'caillette', 'caillounette', 'caillère', 'caillé', 'coturnisme']",['suffixation'],['-isme'],coturn-,"[('coturnix', 'caille')]",latin,caille,[],supplétion rare
gigantesque,Adjectif,['Qui dépasse considérablement la taille ordinaire.'],"['De l’italien gigantesco, dérivé de gigante (« géant »).']","['gigantesquement', 'gigantesque', 'gigantesquerie', 'gigantisme', 'géant', 'géanterie', 'géantise', 'géantisme', 'géantitude', 'Géant']",['suffixation'],['-esque'],gigant-,"[('gigante', 'géant')]",italien,géant,"['gigantesquement', 'gigantesquerie', 'gigantisme']",supplétion régulière
actinique,Adjectif,['Se dit d’un éclairage qui provoque une réaction chimique et impressionne une pellicule.'],"['Composé du grec ancien ἀκτίς, ἀκτῖνος, aktis, aktinos (« rayon ») et du suffixe -ique.']","['inactinique', 'radiable', 'radial', 'radialité', 'radian', 'radiant', 'radiateur', 'radiatif', 'radiation', 'radier', 'radiolaire', 'radiolarite', 'radius', 'radié', 'rayon', 'rayonnage', 'rayonnant', 'rayonnement', 'rayonner', 'rayonnisme', 'rayonniste', 'actinique', 'actinisme', 'actinite']",['suffixation'],['-ique'],actin-,"[('ἀκτίς, ἀκτῖνος, aktis, aktinos', 'rayon')]",grec ancien,rayon,"['inactinique', 'actinisme', 'actinite']",supplétion régulière
porte,Nom commun,['Ouverture battante dans un mur qui permet d’entrer ou sortir d’un endroit.'],"['Du latin porta (« porte d’une ville, d’un monument »), qui supplanta les mots fores et janua.']","['Delaporte', 'portail', 'Porte', 'PMT', 'porterie', 'portier', 'portière', 'portillon', 'lourde', 'chambranle', 'dormant', 'gond', 'heurtoir', 'imposte', 'linteau', 'poignée', 'porche', 'poterne', 'tympan', 'vantail', 'apport', 'apporter', 'apporteur', 'apporteuse', 'céroféraire', 'emport', 'emportement', 'emporter', 'emporté', 'import', 'importable', 'important', 'importateur', 'importation', 'importatrice', 'importer', 'importeur', 'importé', 'intransportable', 'ostiariat', 'port', 'portabilité', 'portable', 'portage', 'portager', 'portal', 'portant', 'portatif', 'porte', 'portelette', 'portement', 'porter', 'portette', 'porteur', 'porteuse', 'portier', 'portinette', 'portion', 'portionnaire', 'portionniste', 'portiorat', 'portière', 'portuaire', 'portuarité', 'portulan', 'porté', 'portée', 'rapport', 'rapportable', 'rapportage', 'rapporter', 'rapporteur', 'rapporteur', 'rapporteuse', 'rapporté', 'remporter', 'report', 'reportage', 'reportement', 'reporter', 'reporteur', 'réimport', 'réimportation', 'réimporter', 'thuriféraire', 'thuriférariat', 'transport', 'transportable', 'transportation', 'transporter', 'transporteur']",[],[],NULL,[],NULL,NULL,[],non dérivé
plage,Nom commun,['Étendue de sable ou de galets bordant un plan d’eau.'],"['(Au sens d’étendue de terre, rive sablonneuse) Du latin plaga (« large étendue, région »).', '(Pour tous les autres sens : plage de musique, de valeurs, etc) De l’italien piaggia, lui-même du grec ancien πλάγιος, plágios (« oblique, qui n’est pas en ligne droite »).']","['handiplage', 'plager', 'plageage', 'plagiste', 'grève', '🏖', 'berge', 'rivage', 'rive', 'plage', 'plagette', 'plagiat', 'plaginette']",[],[],NULL,[],NULL,NULL,[],non dérivé
pied,Nom commun,['Partie du corps humain située à l’extrémité des jambes.'],"['Du moyen français pied, de l’ancien français pié, du latin pĕdem, accusatif singulier de pēs, (« pied », « patte »).']","['antipied', 'bipied', 'entrepied', 'hochepied', 'marchepied', 'piètement', 'trépied', 'arpion', 'nougat', 'panard', 'paturon', 'peton', 'ripaton', 'pinceau', 'bonheur', 'cep', 'plant', 'inclinaison', 'écartement', 'fruit', 'pente', 'apode', 'apodidé', 'apodie', 'bipède', 'dépiéter', 'empiéger', 'empêchement', 'empêcher', 'empiétement', 'empiéter', 'gastéropode', 'péage', 'pédale', 'pédalo', 'pédauque', 'Pédauque', 'pédestre', 'piédestal', 'pédicure', 'piedmont', 'piédouche', 'piedroit', 'piège', 'piégeage', 'piéger', 'piégeur', 'Piémont', 'Piémontais', 'piémontais', 'piémontite', 'piétage', 'piétaille', 'piéter', 'piéteur', 'piétin', 'piétinement', 'piétiner', 'piéton', 'piétonne', 'piétonner', 'piétonnier', 'piétonnière', 'piètre', 'piètrement', 'piètrerie', 'podagre', 'podaire', 'podalique', 'podalirius', 'podalyre', 'podarge', 'podétion', 'podien', 'podium', 'podocarpe', 'podocère', 'pododysodie', 'podolépis', 'podolite', 'podologie', 'podologue', 'podomètre', 'podométrique', 'podophobie', 'podophobe', 'podophthalme', 'podophylle', 'podophylleux', 'podophyllin', 'podoscaphe', 'podostémon', 'podure', 'rempiétement', 'rempiéter', 'tripode', '👣', '🦶', 'dipode', 'décapode', 'endopodite', 'exopodite', 'hexapode', 'monopode', 'octopode', 'pedestrian', 'pedestrianisme', 'pied', 'piétement', 'pédane', 'pédestrien', 'pédestrité', 'pédieux', 'tétrapode']",[],[],NULL,[],NULL,NULL,[],non dérivé
pétré,Adjectif,"['Qui est pierreux, rocheux.']","['Du latin Petraea (« Arabie Pétrée »), de petraeus (« de pierre, pierreux »).']","['dépierrage', 'dépierrer', 'désempierrer', 'empierrage', 'empierrement', 'empierrer', 'empierré', 'lapidaire', 'lapidarité', 'lapidateur', 'lapidation', 'lapider', 'monolithe', 'monolithe', 'monolithique', 'monolithisme', 'perrier', 'perrière', 'pierre', 'pierrette', 'pierreux', 'pierrier', 'pierriste', 'pierrière', 'pierrot', 'pétré']",['suffixation'],['-é'],pétr-,"[('Petraea', 'Arabie Pétrée'), ('petraeus', 'de pierre, pierreux')]",latin | grec ancien,pierre,[],supplétion régulière
ligneux,Adjectif,"['Qui est de la nature de la lignine, qui en contient.']","['Du latin lignosus (« comme du bois »), de lignum (« bois »).']","['pyroligneux', 'noueux', 'délignifier', 'lignicole', 'lignifère', 'lignifiant', 'lignification', 'lignifié', 'lignine', 'lignite', 'lignocellulose', 'lignone', 'lignose', 'lignosité', 'lignosulfonate', 'bois', 'boisage', 'boise', 'boisement', 'boiser', 'boisette', 'boiseur', 'boisilier', 'boisé', 'boitte', 'bosquet', 'bouc', 'bouchable', 'bouchage', 'bouche', 'bouchelette', 'bouchement', 'boucher', 'bouchette', 'boucheur', 'boucheuse', 'bouchère', 'bouché', 'boue', 'bouette', 'boueur', 'boueux', 'bouquet', 'bouqueter', 'bouquetier', 'bouqueté', 'bouvet', 'bouvetage', 'bouveter', 'bouveteur', 'bouveteuse', 'bouvier', 'bouvière', 'bovin', 'bovinité', 'boyer', 'boëtte', 'bœuf', 'déboisage', 'déboisement', 'déboiser', 'déboiseur', 'déboiseuse', 'débouchage', 'débouchement', 'déboucher', 'déboucheur', 'débouchonner', 'débouché', 'délignification', 'embouage', 'embouchage', 'embouche', 'emboucher', 'emboucheur', 'embouché', 'embouement', 'embouer', 'imbouchable', 'ligneux', 'ligniteux', 'monoxyle', 'reboisage', 'reboisement', 'reboiser', 'reboiseur', 'rebouchage', 'rebouchement', 'reboucher', 'stomatite', 'xylite', 'xylène']",['suffixation'],['-eux'],lign-,"[('lignosus', 'comme du bois'), ('lignum', 'bois')]",latin,bois,"['pyroligneux', 'délignifier', 'lignicole', 'lignifère', 'lignifiant', 'lignification', 'lignifié', 'lignine', 'lignite', 'lignocellulose', 'lignone', 'lignose', 'lignosité', 'lignosulfonate', 'délignification', 'ligniteux']",supplétion régulière
sud,Nom commun,['Point cardinal opposé au nord ; direction du pôle de l’hémisphère austral et correspondant à l’azimut 180°.'],"['Du vieil anglais suþ, de même sens. suth (Gaimar).']","['sudisme', 'sudiste', 'austro', 'méridien', 'midi', 'miéjour', 'nord', 'sud', 'sudette', 'Notre-Dame-du-Lac-Saint-Jean-Partie-Sud']",[],[],NULL,[],NULL,NULL,[],non dérivé
école,Nom commun,['Lieu dédié à l’apprentissage.'],"['De l’ancien français escole, d’un latin tardif *escola, du latin schola (« loisir studieux, leçon, lieu d’étude »), lui-même issu du grec ancien σχολή, skholế (« loisir »).']","['écolage', 'écolâtre', 'écoler', 'écolier', 'écolière', 'scholasticide', 'scolaire', '🏫', 'extra-scolaire', 'extrascolaire', 'interscolaire', 'interscolarité', 'postscolaire', 'préscolaire', 'péri-scolaire', 'périscolaire', 'scholariat', 'scholarité', 'scolariat', 'scolarisable', 'scolarisation', 'scolariser', 'scolaritude', 'scolarité', 'école', 'écolette', 'écolier', 'écolo', 'écologie', 'écologique', 'écologisme', 'écologiste', 'œcologie']",[],[],NULL,[],NULL,NULL,[],non dérivé
cérémonie,Nom commun,"['Ensemble des formes extérieures et régulières du culte religieux, des célébrations mystiques.']","['Du latin caeremonia (« cérémonie religieuse », « rite »).']","['cérémonial', 'cérémoniel', 'cérémonieusement', 'cérémonieux', 'fête', 'rituel', 'liturgie', 'protocole', 'solennité', 'cérémoniaire', 'cérémonialité', 'cérémonie', 'sarimonie']",[],[],NULL,[],NULL,NULL,[],non dérivé
eau,Nom commun,"['Liquide transparent, incolore, inodore et insipide à l’état pur, qui est le principal constituant des lacs, rivières, mers et océans.']","['Du moyen français eaue, eau, de l’ancien français eaue, ewe, du latin aqua, du proto-italique *akʷā (« eau »), de l’indo-européen commun *h₂ékʷeh₂ (« eau »). La prononciation [akwa] de aqua a évolué vers le VIᵉ siècle en [agwa], puis [awa]. Aux XIᵉ et XIIᵉ, la forme ewe [ɛwə] et les variantes egua, aigue (qui donna aigue-marine) et eve (qui donna évier) sont attestées en ancien français. Au XIIᵉ et XIIIᵉ, la forme eaue [eovə] apparait. Au XVIIᵉ, le e final disparait entièrement, ce qui donne l’orthographe actuelle (prononcée [eo] à l’époque) et la prononciation se simplifia en [o]. À noter que l’on pouvait retrouver jusqu’au XVIIIᵉ à Paris la prononciation [jo].', 'À noter qu’en français, aqua se retrouve en composition, comme préfixe : aqu-, aqui-.', 'Le mot a entre autres cognats, l’occitan aiga, l’italien acqua, le catalan aigua, l’espagnol agua, le portugais água et le roumain apă.', '→ voir aussi les hydronymes Aa en allemand et Aa en français, pour l’évolution similaire de *h₂ékʷeh₂ (« eau ») via l’allemand.']","['Morteau', 'RESC', 'Verseau', 'Eaubonne', 'agoua', 'flotte', 'baille', 'onde', 'hydrogénol', 'éveux', 'évier', 'gouache', 'déverser', 'submerger', 'aquarien', 'aquette', 'aqueux', 'aquosité', 'déshydratation', 'déshydrater', 'déshydraté', 'eau', 'eautette', 'hydatisme', 'hydraire', 'hydratable', 'hydratant', 'hydratation', 'hydrater', 'hydrateur', 'hydrolien', 'monohydraté', 'réhydratation', 'réhydrater', 'aigaire', 'aiguière']",[],[],NULL,[],NULL,NULL,[],non dérivé
bois,Nom commun,['Substance dure et fibreuse des arbres.'],"['Du moyen français bois, de l’ancien français bois, du bas latin boscus, du vieux-francique *busk, du proto-germanique occidental *busk, du proto-germanique *buskaz.', 'Apparenté à l’occitano-roman bosc/bòsc (« bois, forêt »), à l’espagnol bosque (« bois, forêt »), à l’italien bosco (« bois, forêt »), à l’allemand Busch (« buisson »), au néerlandais bos (« bois, forêt ») et à l’anglais bush (« buisson »).']","['antebois', 'antébois', 'antibois', 'becquebois', 'boisage', 'boisé', 'boisement', 'boiser', 'boiserie', 'boisette', 'boiseur', 'boiseux', 'boisilleur', 'déboisé', 'déboisement', 'déboiser', 'déboiseuse', 'emboiser', 'étibois', 'hautbois', 'reboisement', 'reboiser', 'reboiseur', 'sainbois', 'xylographie', 'bois', 'boise', 'boisilier', 'boitte', 'bosquet', 'bouc', 'bouchable', 'bouchage', 'bouche', 'bouchelette', 'bouchement', 'boucher', 'bouchette', 'boucheur', 'boucheuse', 'bouchère', 'bouché', 'boue', 'bouette', 'boueur', 'boueux', 'bouquet', 'bouqueter', 'bouquetier', 'bouqueté', 'bouvet', 'bouvetage', 'bouveter', 'bouveteur', 'bouveteuse', 'bouvier', 'bouvière', 'bovin', 'bovinité', 'boyer', 'boëtte', 'bœuf', 'déboisage', 'déboiseur', 'débouchage', 'débouchement', 'déboucher', 'déboucheur', 'débouchonner', 'débouché', 'délignification', 'délignifier', 'embouage', 'embouchage', 'embouche', 'emboucher', 'emboucheur', 'embouché', 'embouement', 'embouer', 'imbouchable', 'ligneux', 'lignite', 'ligniteux', 'monoxyle', 'reboisage', 'rebouchage', 'rebouchement', 'reboucher', 'stomatite', 'xylite', 'xylène']",[],[],NULL,[],NULL,NULL,[],non dérivé
adipeux,Adjectif,['Qui est de nature graisseuse.'],"['Dérivé savant du latin adeps, adipis (« graisse ») avec le suffixe -eux.']","['dégraissage', 'dégraissant', 'dégraissement', 'dégraisser', 'dégraisseur', 'dégraisseuse', 'engrais', 'engraissage', 'engraissement', 'engraisser', 'engraisseur', 'graissage', 'graisse', 'graisser', 'graissette', 'graisseur', 'graisseux', 'graissier', 'graissé', 'grasset', 'rengraisser', 'stéatite', 'adipeux', 'adiposité']",['suffixation'],['-eux'],adip-,"[('adeps, adipis', 'graisse')]",latin,graisse,['adiposité'],supplétion régulière
comestible,Adjectif,"['Qui peut servir d’aliment à l’humain, que l’on peut consommer sans se blesser ni s’intoxiquer.']",['Du latin comestibilis (« mangeable »).'],"['comestibiliser', 'comestibilité', 'potable', 'innocuité', 'immangeable', 'incomestible', 'vénéneux', 'toxique', 'comestible', 'géophagisme', 'manducation', 'mangeable', 'mangeage', 'mangement', 'manger', 'mangerie', 'mangeur', 'mangeuse', 'remanger']",['suffixation'],['-ible'],comest-,"[('comestibilis', 'mangeable')]",latin,manger,"['comestibiliser', 'comestibilité', 'incomestible']",supplétion rare
lire,Verbe,['Interpréter des informations écrites sous forme de mots ou de dessins sur un support.'],"['Du latin lĕgĕre (« id. »), proprement «\u202frecueillir\u202f»']","['délire', 'entrelire', 'lisage', 'liseur', 'liseuse', 'relire', 'illisibilité', 'illisible', 'inlisible', 'inéligibilité', 'inéligible', 'lecteur', 'lecteurat', 'lectoral', 'lectorat', 'lectorial', 'lectoriat', 'lectoriel', 'lectrice', 'lectural', 'lecture', 'lecturette', 'lecturier', 'lion', 'lionnette', 'lire', 'lisant', 'lisette', 'lisibilité', 'lisible', 'lu', 'relecture', 'relu', 'réélecter', 'réélection', 'rééligibilité', 'rééligible', 'réélire', 'réélu', 'électerat', 'électeur', 'électeurat', 'électif', 'élection', 'électivité', 'électoral', 'électoralisme', 'électoraliste', 'électoralitude', 'électorat', 'électrice', 'élider', 'éligibilité', 'éligible', 'élire', 'élision', 'élitaire', 'élite', 'élitique', 'élitisme', 'élitiste', 'élu', 'Lion', 'Lionnette']",[],[],NULL,[],NULL,NULL,[],non dérivé
boire,Verbe,['Mettre un liquide dans sa bouche et l’avaler.'],"['Du latin bĭbĕre (« boire ») qui donne l’ancien français bevvre, beivre, boivre. Le radical bev- (bevons, bevez, bevant) est devenu beuv- puis buv- par labialisation ; beuv- a été conservé dans beuverie (→ voir breuvage).']","['buvard', 'déboire', 'pourboire', 'reboire', 'bessonner', 'écluser', 'picoler', 's’enivrer', 'imbiber', 'imprégner', 'beuverie', 'boisson', 'breuvage', 'buvable', 'fourbu', 'imbiber', 'imbuvable', 'bibition', 'boire', 'bu', 'buvetier', 'buvette', 'buveur', 'buveuse', 'emboire', 'embuvage', 'impotable', 'potabilité', 'potable', 'potion', 'reboire']",[],[],NULL,[],NULL,NULL,[],non dérivé
scolaire,Adjectif,"[""Qui se rapporte à l’école, que ce soit à l'enseignement qui y est prodigué, aux bâtiments qu'elle occupe ou aux personnes qui la fréquentent, notamment les élèves.""]","['Du latin scholaris, de schola (« école »).']","['intrascolaire', 'parascolaire', 'périscolaire', 'postscolaire', 'préscolaire', 'scolairement', 'scolarisation', 'scolariser', 'scolarité', 'scolastique', 'scholasticide', 'extra-scolaire', 'extrascolaire', 'interscolaire', 'interscolarité', 'péri-scolaire', 'scholariat', 'scholarité', 'scolaire', 'scolariat', 'scolarisable', 'scolaritude', 'école', 'écolette', 'écolier', 'écolo', 'écologie', 'écologique', 'écologisme', 'écologiste', 'œcologie']",['suffixation'],['-aire'],scol-,"[('scholaris',''), ('schola', 'école')]",latin,école,"['intrascolaire', 'parascolaire', 'périscolaire', 'postscolaire', 'préscolaire', 'scolairement', 'scolarisation', 'scolariser', 'scolarité', 'scolastique', 'scholasticide', 'extra-scolaire', 'extrascolaire', 'interscolaire', 'interscolarité', 'péri-scolaire', 'scholariat', 'scholarité', 'scolaire', 'scolariat', 'scolarisable', 'scolarisation', 'scolariser', 'scolaritude']",supplétion régulière
nom,Nom commun,"['Mot ou groupe de mots permettant de nommer un être ou une chose. Un nom peut être un nom commun, une locution nominale ou un nom propre.']","['Du moyen français nom (« nom »), de l’ancien français nom, non, num (« nom »), latin nōmen (« nom, dénomination »), archaïquement *gnomen, de (g)nosco (« connaître ») avec le suffixe -men ; de l’indo-européen *h₁nḗh₃mn̥, apparenté au grec ancien ὄνομα, ónoma (« nom »), au sanskrit नामन्, nā́man, à l’allemand Name, au vieux slave имѧ, imę.']","['nominal', 'nominalement', 'nominalisation', 'nominaliser', 'nominalisme', 'nominaliste', 'nominatif', 'nomination', 'nominer', 'nommage', 'nommé', 'nommément', 'nommer', 'postnom', 'SNC', 'surnom', 'substantif', 'anonyme', 'dénommer', 'dénomination', 'innommable', 'innommé', 'nomenclature', 'nomenklatura', 'prénom', 'pronom', 'renommée', 'renommer', 'surnommer', 'dénominateur', 'dénominatif', 'dénominationnel', 'dénominer', 'dénommé', 'innomé', 'nom', 'nominalisateur', 'nominalité', 'nominateur', 'nominativité', 'nommable', 'nommeur', 'uninominal', 'Nominette']",[],[],NULL,[],NULL,NULL,[],non dérivé
céphalaire,Adjectif,['De la grosseur de la tête.'],"['Du grec ancien κεφαλή, képhalê (« tête ») et -aire.']","['bi-céphalité', 'bicéphale', 'bicéphalisme', 'capitainat', 'capitaine', 'capitan', 'capitanat', 'capitane', 'capitat', 'chef', 'chefariat', 'chefecier', 'cheffat', 'chefforat', 'cheftainat', 'cheftaine', 'cheftanat', 'chevecier', 'chevet', 'céphalaire', 'céphalien', 'dicéphale', 'décapitation', 'décapiter', 'entêtant', 'entêtement', 'entêter', 'entêté', 'monocéphale', 'monocéphalien', 'monocéphalité', 'octocéphale', 'paracéphalien', 'polycéphale', 'tête', 'têtier', 'têtière', 'têtu', 'têtusité', 'têtutesse', 'acéphale', 'acéphalien']",['suffixation'],['-aire'],céphal-,"[('κεφαλή, képhalê', 'tête')]",grec ancien,tête,"['bi-céphalité', 'bicéphale', 'bicéphalisme', 'céphalien', 'dicéphale', 'monocéphale', 'monocéphalien', 'monocéphalité', 'octocéphale', 'paracéphalien', 'polycéphale', 'acéphale', 'acéphalien']",supplétion régulière
igné,Adjectif,"['Qui est de feu, qui a les qualités du feu.']","['Du latin igneus (« embrasé, enflammé, brûlant, ardent »).']","['ardent', 'incandescent', 'pyrique', 'ignescent', 'ignifugation', 'ignifuge', 'ignifuger', 'ignition', 'bifocal', 'bifocalité', 'défocalisation', 'défocaliser', 'feu', 'feutier', 'focal', 'focalisable', 'focalisation', 'focaliser', 'focaliseur', 'focalité', 'foyer', 'igné']",['suffixation'],['-é'],ign-,"[('igneus', 'embrasé, enflammé, brûlant, ardent')]",latin,feu,"['ignescent', 'ignifugation', 'ignifuge', 'ignifuger', 'ignition']",supplétion régulière
mont,Nom commun,"['Montagne. Il s’emploie surtout dans certaines expressions géographiques consacrées par l’usage. Au pluriel, le terme géographique est généralement suivi de la préposition de.']","['Du latin mons, montis (« mont »).']","['amont', 'cismontain', 'montain', 'monter', 'monteux', 'montille', 'outremonts', 'piémont', 'transmontain', 'ultramontain', 'Montfaucon', 'Montmartre', 'Montréal', 'Montrouge', 'Outremont', 'Rosemont', 'Rougemont', 'monceau', 'monticole', 'monticule', 'mont', 'montueux', 'montuosité']",[],[],NULL,[],NULL,NULL,[],non dérivé
sigillaire,Adjectif,"['En forme de sceau, relatif aux sceaux.']","['Du latin sigillum (« sceau »), diminutif de signum (« signe ») avec le suffixe -aire.']","['sceau', 'scellage', 'scellement', 'sceller', 'scelleur', 'scellé', 'sigillaire', 'sigillé']",['suffixation'],['-aire'],sigill-,"[('sigillum', 'sceau'), ('signum', 'signe')] ",latin,sceau,['sigillé'],supplétion régulière
chien,Nom commun,"['Mammifère carnivore de la famille des Canidés, apparenté au loup (dont il est considéré comme une sous-espèce) et domestiqué par l’être humain, existant sous de nombreuses races aux morphologies variables, de nom scientifique : Canis lupus familiaris.']","['Du moyen français chien, de l’ancien français chien, du latin canem (« chien, chienne »), accusatif singulier de canis.']","['chiennage', 'chiennaille', 'chienne', 'chienner', 'chiennerie', 'chiennesque', 'chienneté', 'chiennetier', 'vespachien', 'vespachienne', 'cabot', 'cagouince', 'chienchien', 'clébard', 'clebs', 'corniaud', 'Fido', 'jaspineur', 'molosse', 'pitou', 'roquet', 'toutou', 'viausse', 'sergent', 'décanisation', 'décaniser', 'canicide', 'canicule', 'canin', 'canine', 'chenet', 'chenil', 'chenille', 'chiendent', 'chiot', 'cynique', 'cynophile', 'cynophilie', '🐕', '🐕🦺', 'aboi', 'aboiement', 'jappement', 'Médor', 'Rex', 'caninerie', 'caninette', 'caninité', 'canisette', 'chien', 'chienerie', 'chiennet', 'cynicitude', 'cynisme', 'Chien']",[],[],NULL,[],NULL,NULL,[],non dérivé
dent,Nom commun,"['Petit organe composé d’émail, de dentine et d’une pulpe, enchâssés dans la mâchoire, qui sert à inciser, à déchirer, à mâcher les aliments et à mordre.']","['Du latin dentem, accusatif de dens (même sens).']","['claquedent', 'dentaire', 'dental', 'denté', 'dentelé', 'denteler', 'dentelle', 'dentelure', 'denter', 'denticule', 'dentier', 'dentifrice', 'dentifère', 'dentiforme', 'dentine', 'dentirostre', 'dentiste', 'dentisterie', 'dentition', 'dentu', 'denture', 'endenter', 'édenté', 'édenter', 'indentation', 'indenter', 'surdent', 'trident', 'chaille', 'chicot', 'crochetir', 'croc', 'quenotte', 'densette', 'dent', 'dentelaire', 'dentelet', 'dentellement', 'dentisme', 'endentement', 'interdentaire', 'Dentinette', 'odontite', 'périodontiste']",[],[],NULL,[],NULL,NULL,[],non dérivé
bibition,Nom commun,['Action de boire.'],['bas latin bibitio (« même sens »)'],"['bibition', 'boire', 'bu', 'buvable', 'buvard', 'buvetier', 'buvette', 'buveur', 'buveuse', 'emboire', 'embuvage', 'imbuvable', 'impotable', 'potabilité', 'potable', 'potion', 'reboire']",['suffixation'],['-ion'],bibit-,"[('bibitio', '')]",bas latin,boire,[],supplétion rare
lait,Nom commun,"['Liquide produit par les glandes mammaires des femelles de mammifères pendant la période de lactation qui suit la parturition, et destiné à nourrir les bébés lors de l’allaitement.']","['Du latin lac, lactis (« lait »).']","['allaiter', 'allaitement', 'lachère', 'laitage', 'laitance', 'laiterie', 'laiteux', 'laitier', 'laitière', 'albumen', 'latex', 'laitue', 'délaitage', 'délaitement', 'délaiter', 'délaiteuse', 'galactite', 'lactaire', 'lacté', 'lait']",[],[],NULL,[],NULL,NULL,[],non dérivé
visible,Adjectif,['Qui peut être vu ; qui est l’objet de la vue.'],['Du latin visibilis.'],"['invisible', 'visiblement', 'caché', 'anti-révisionniste', 'antirevisionniste', 'antirévisionnisme', 'antirévisionniste', 'dévisagement', 'dévisager', 'envisageable', 'envisagement', 'envisager', 'envisagé', 'imprévisibilité', 'imprévisible', 'imprévoyable', 'imprévoyant', 'inenvisageable', 'invisibilité', 'prévisibilité', 'prévisible', 'prévision', 'prévisionnel', 'prévisionnisme', 'prévisionniste', 'prévoir', 'prévoyable', 'prévoyant', 'revisable', 'reviser', 'reviseur', 'reviseuse', 'revisible', 'revision', 'revisionnisme', 'revoir', 'revu', 'revue', 'revuette', 'revuiste', 'révisable', 'réviser', 'réviseur', 'réviseuse', 'révision', 'révisionnel', 'révisionnette', 'révisionnisme', 'révisionniste', 'vis', 'visa', 'visage', 'visagisme', 'visagiste', 'viser', 'visette', 'viseur', 'viseuse', 'visible', 'vision', 'visionnage', 'visionnaire', 'visionnarisme', 'visionnement', 'visionner', 'visionnette', 'visionneur', 'visionneuse', 'visière', 'visualisation', 'visualiser', 'visuel', 'visé', 'visée', 'voir', 'voyage', 'voyager', 'voyageur', 'voyageuse', 'voyagisme', 'voyagiste', 'voyant', 'voyantise', 'voyeur', 'voyeurisme', 'voyeuriste', 'voyeuse', 'vu', 'vue', 'VIS']",['suffixation'],['-ible'],vis-,"[('visibilis', '')]",latin,voir,"['invisible', 'visiblement', 'anti-révisionniste', 'antirevisionniste', 'antirévisionnisme', 'antirévisionniste', 'dévisagement', 'dévisager', 'envisageable', 'envisagement', 'envisager', 'envisagé', 'imprévisibilité', 'imprévisible', 'inenvisageable', 'invisibilité', 'prévisibilité', 'prévisible', 'prévision', 'prévisionnel', 'prévisionnisme', 'prévisionniste', 'revisable', 'reviser', 'reviseur', 'reviseuse', 'revisible', 'revision', 'revisionnisme', 'révisable', 'réviser', 'réviseur', 'réviseuse', 'révision', 'révisionnel', 'révisionnette', 'révisionnisme', 'révisionniste', 'vis', 'visa', 'visage', 'visagisme', 'visagiste', 'viser', 'visette', 'viseur', 'viseuse', 'vision', 'visionnage', 'visionnaire', 'visionnarisme', 'visionnement', 'visionner', 'visionnette', 'visionneur', 'visionneuse', 'visière', 'visualisation', 'visualiser', 'visuel', 'visé', 'visée', 'VIS']",supplétion régulière
rupestre,Adjectif,['Qui a rapport aux rochers.'],"['Du latin rupes (« roche »), via le latin scientifique rupestris → voir campestris et champêtre. La première attestion selon le Petit Robert et Usito serait 1812, mais le terme est au moins de deux ans plus ancien, comme le montre la source.']","['dérochage', 'dérochement', 'dérocher', 'dérocheuse', 'enrochement', 'enrocher', 'rochage', 'rochassier', 'roche', 'rocher', 'rocheux', 'rochier', 'rupestre', 'rupestrerie']",['suffixation'],['-estre'],rup-,"[('rupes', 'roche')]",latin,roche,['rupestrerie'],supplétion rare
essai,Nom commun,"['Test, examen, épreuve de solidité, de pérennité, d’adéquation.']","['Issu du bas latin exagium, de exigere (« juger, examiner, peser ») dont dérive aussi examen.']","['contressai', 'essayer', 'essayage', 'essayiste', 'essai', 'essayement', 'essayette', 'essayeur', 'essayeuse', 'essayisme', 'essayistique', 'ressayage', 'ressayer', 'réessayage', 'réessayer']",[],[],NULL,[],NULL,NULL,[],non dérivé
humain,Adjectif,['Relatif à l’espèce humaine.'],"['Du latin humanus,dérivé de homo (« homme »), avec le suffixe -anus.Dérivé de humus (« terre »), avec le suffixe -o, -onis, -inis, littéralement « terrien »']","['humainement', 'humaniser', 'humanisme', 'humanités', 'humanure', 'inhumain', 'interhumain', 'suprahumain', 'surhumain', 'transhumanisme', 'transhumaniste', 'anthropien', 'anti-humaniste', 'anti-humanisterie', 'antihumanisme', 'antihumaniste', 'démasculinisation', 'démasculiniser', 'déshumanisant', 'déshumanisation', 'déshumaniser', 'dévirilisation', 'déviriliser', 'hominien', 'hominisation', 'hominiser', 'hominisme', 'hoministe', 'hommasse', 'hommassité', 'homme', 'hommelet', 'hommelette', 'hommette', 'humain', 'humainerie', 'humane', 'humanisable', 'humanisation', 'humaniste', 'humanisterie', 'humanistique', 'humanitaire', 'humanitairerie', 'humanitarisme', 'humanitariste', 'humanitisme', 'humanité', 'hypoandrisme', 'inhominalisme', 'inhumanité', 'masculin', 'masculinisation', 'masculiniser', 'masculinisme', 'masculiniste', 'masculinité', 'masculisme', 'viril', 'virilerie', 'virilisation', 'viriliser', 'virilisme', 'virilité', 'Homme', 'être humain']",['suffixation'],['-ain'],hum-,"[('humanus', '')]",latin,homme,"['humainement', 'humaniser', 'humanisme', 'humanure', 'inhumain', 'interhumain', 'suprahumain', 'surhumain', 'transhumanisme', 'transhumaniste', 'inhumain', 'anti-humaniste', 'anti-humanisterie', 'antihumanisme', 'antihumaniste', 'déshumanisant', 'déshumanisation', 'déshumaniser', 'humainerie', 'humane', 'humanisable', 'humanisation', 'humaniser', 'humanisme', 'humaniste', 'humanisterie', 'humanistique', 'humanitaire', 'humanitairerie', 'humanitarisme', 'humanitariste', 'humanitisme', 'humanité', 'inhumain', 'inhumanité']",supplétion régulière
pain,Nom commun,"['Pâte cuite au four, à base de farine, d’eau et de levure de boulanger ou de levain.']","['Du moyen français pain, de l’ancien français pain, pan, du latin panem, accusatif singulier de panis (« pain »). Le pain désigne dès l’origine le résultat de la cuisson de la matière panifiable, c’est-à-dire une pâte levée à base de farine et de levain. Aussi dès le XIIᵉ siècle, il existe une grande diversité de formes de pains, à savoir les boules, les boulots, les ficelles, les épis, les tourons, les bâtards, les fougasses, les saucisses ou saucissons, les baguettes, etc.', 'Le sens (9), de personne que l’on désire, pourrait avoir transité par le nouchi où le mot « pain » désigne une personne craquante, donc un joli garçon où une jolie fille.']","['carnipain', 'copain', 'croustipain', 'saucipain', 'brignolet', 'companage', 'panaire', 'panasserie', 'pané', 'paner', 'panetière', 'panière', 'paneton', 'panivore', 'panure', 'grigne', 'baguette', 'bannette', 'déjeunette', 'ficelle', 'flute', 'flûte', 'dépannage', 'dépanner', 'dépannette', 'dépanneur', 'dépanneuse', 'empannage', 'empanner', 'khobisme', 'pain', 'panage', 'panetier', 'panette', 'panier', 'paniette', 'panifiable', 'panificateur', 'panification', 'panifier', 'panne', 'pannelette', 'pannette', 'panné']",[],[],NULL,[],NULL,NULL,[],non dérivé
verbe,Nom commun,"['Partie du discours qui exprime soit une action faite ou supportée par le sujet, soit un état ou une manière d’être du sujet, et qui, pour les exprimer, possède un certain nombre de formes diverses dont l’ensemble est appelé conjugaison, lesquelles formes expriment son sujet et le temps de la proposition.']","[""Du latin verbum (« parole »), de l'indo-européenne *werdʰh₁o- qui l’apparente à l’anglais word, au néerlandais woord.""]","['adverbe', 'adverbial', 'averbal', 'déverbal', 'préverbe', 'proverbe', 'proverbial', 'univerbation', 'verbal', 'verbalement', 'verbalisateur', 'verbalisation', 'verbaliser', 'verbalisme', 'verbatim', 'verber', 'verbeusement', 'verbeux', 'verbiage', 'verbicruciste', 'verbomanie', 'verbomoteur', 'verbosité', 'conjugaison', 'godan', 'ichidan', 'phrase', 'verbalisable', 'verbalisatrice', 'verbe']",[],[],NULL,[],NULL,NULL,[],non dérivé
manger,Verbe,['Mâcher et avaler un aliment dans le but de se nourrir.'],"['Du moyen français manger, de l’ancien français mangier, issu du latin manducare (« mâcher » et « manger » en latin populaire »), lui-même issu de mandere (« manger »). L’italien mangiare est sans conteste d’origine gallo-romane. Une évolution de manducare conforme aux lois de l’évolution phonétique de l’italien aurait donné *mandocare. De même, en occitan, manjar est dû à la langue d’oïl. référence nécessaire (résoudre le problème)']","['entremanger', 'entremangerie', 'mangeable', 'mangeaille', 'mangeailler', 'mangeoire', 'mangeotter', 'mangerie', 'mangeur', 'mangeure', 'mangeüre', 'mangeuse', 'mangeux', 'remanger', 'bouffer', 'becqueter', 'daba', 'grailler', 'miamer', 'damer', 's’alimenter', 'tchoper', 'bâfrer', 'ingurgiter', 's’empiffrer', 'manducateur', 'manducation', 'manducatoire', 'jeûner', 'comestibilité', 'comestible', 'géophagisme', 'immangeable', 'incomestible', 'mangeage', 'mangement', 'manger']",[],[],NULL,[],NULL,NULL,[],non dérivé
potable,Adjectif,"[""Que l'on peut boire sans danger pour la santé, ou sans répugnance.""]","['Du latin potabilis (« qui peut être bu, potable »), dérivé de potare (« boire »).']","['potablement', 'potabilité', 'comestible', 'bibition', 'boire', 'bu', 'buvable', 'buvard', 'buvetier', 'buvette', 'buveur', 'buveuse', 'emboire', 'embuvage', 'imbuvable', 'impotable', 'potable', 'potion', 'reboire']",['suffixation'],['-able'],pot-,"[('potabilis', 'qui peut être bu, potable'), ('potare', 'boire')]",latin,boire,"['potablement', 'potabilité', 'impotable', 'potabilité', 'potable', 'potion']",supplétion régulière
carnassier,Adjectif,['Qui se nourrit de chair crue et qui en est fort avide.'],['De l’occitan carnassièr.'],"['carnassièrement', 'carnivore', 'prédateur', 'herbivore', 'végétarien', 'carnaire', 'carnasserie', 'carnassier', 'carnassière', 'carnier', 'carné', 'chair', 'charnalité', 'charnel', 'charnier', 'charnière', 'charnu', 'créeur', 'décarnisation', 'décarniser', 'décharnement', 'décharner', 'décharné']",['suffixation'],['-ier'],carnass-,"[('carnassièr', '')] ",occitan | latin,chair,"['carnassièrement', 'carnasserie', 'carnassier']",supplétion rare
rare,Adjectif,['Qui est en petit nombre ; qui se trouve difficilement.'],['Du latin rārus (« rare »).'],"['raréfaction', 'raréfiable', 'raréfié', 'raréfier', 'rarement', 'rareté', 'rarissime', 'rare', 'rareté', 'rarissimitude']",[],[],NULL,[],NULL,NULL,[],non dérivé
fabisme,Nom commun,['Variante orthographique de favisme.'],['Du latin faba (« fève ») avec le suffixe -isme.'],"['fabisme', 'favisme', 'fève', 'fèveraie', 'févette']",['suffixation'],['-isme'],fab-,"[('faba', 'fève')]",latin,fève,[],supplétion rare
trousse,Nom commun,['Faisceau de choses liées ensemble.'],['Déverbal de trousser.'],"['trousseau', 'trousse']",[],[],NULL,[],NULL,NULL,[],non dérivé
caséeux,Adjectif,['Qui est de la nature du fromage.'],"['Du latin caseus, « fromage ».']","['caseux', 'caséiforme', 'caséine', 'caséum', 'caseux', 'caséeux', 'fromage', 'fromager', 'fromagette', 'fromagier', 'fromagisme', 'fromagiste', 'fromagère', 'fromagé']",['suffixation'],['-eux'],casé-,"[('caseus', 'fromage')]",latin,fromage,"['caséiforme', 'caséine', 'caséum']",supplétion régulière
gravidisme,Nom commun,['Ensemble des conditions que présente la femme enceinte durant sa grossesse.'],"['Dérivé de gravide, avec le suffixe -isme.']","['ceindre', 'ceint', 'déceindre', 'enceindre', 'enceinte', 'gravidisme']",['suffixation'],['-isme'],gravid-,"[('', '')]",latin,enceinte,[],supplétion rare
crustacé,Adjectif,['Qui est couvert d’une enveloppe dure et souvent articulée.'],['Du latin crusta (« croûte ») et -acé.'],"['croûteux', 'croustinette', 'croute', 'crouter', 'croûtage', 'croûte', 'croûtelette', 'croûter', 'crustacite', 'crustacé', 'crustacéen', 'décrouter', 'décroûtage', 'décroûter', 'décrustation', 'décruster', 'désencroûter', 'encroutement', 'encrouter', 'encroûtement', 'encroûter', 'encroûté']",['suffixation'],['-acé'],crust-,"[('crusta', 'croûte')]",latin,croûte,"['crustacite', 'crustacéen', 'décrustation', 'décruster']",supplétion rare
marmoréen,Adjectif,['Qui a la nature ou l’apparence du marbre.'],['Du latin marmoreus (« de marbre »).'],"['marbrage', 'marbre', 'marbrer', 'marbreur', 'marbreuse', 'marbrier', 'marbrière', 'marbré', 'marmorisation', 'marmoriser', 'marmoréen']",['suffixation'],['-éen'],marmor-,"[('marmoreus', 'de marbre')]",latin,marbre,"['marmorisation', 'marmoriser']",supplétion régulière
nord,Nom commun,"[""Celui des quatre points cardinaux opposé au sud et qui correspond à la direction de l’étoile polaire ; direction du pôle de l'hémisphère boréal et correspondant à l'azimut 360°.""]","['Du vieil anglais norþ, lui-même issu du proto-germanique *nurtha de *ner (gauche [au lever du soleil]).', 'Note : Employé d’abord en Normandie d’où il est progressivement passé dans l’usage des autres régions.']","['Noratlas', 'nordique', 'nordir', 'nordiste', 'septentrion', 'sud', 'nord', 'nordet', 'nordette', 'nordicisme', 'nordiciste', 'nordicité', 'nordien', 'nordisme', 'norditude', 'nordé', 'norrois', 'Nord', 'Nordien', 'Nordiste', 'Notre-Dame-du-Lac-Saint-Jean-Partie-Nord']",[],[],NULL,[],NULL,NULL,[],non dérivé
siège,Nom commun,['Meuble utilisé pour s’asseoir.'],"['Du latin sediculum (« siège, chaise, banquette ») diminutif de sedes, devenu en bas latin *sedicum de là siège. Il est lié au verbe latin sedere (« asseoir »).']","['assiéger', 'siéger', 'télésiège', 'cul', 'derrière', 'fondement', 'blocus', 'coussiège', 'sédile', 'multisiège', 'siège']",[],[],NULL,[],NULL,NULL,[],non dérivé
an,Nom commun,['Temps que met la Terre à accomplir une révolution autour du Soleil et qui se divise en douze mois. Année (voir Notes plus bas).'],"['Du latin annus (« cercle, an, âge, récolte de l’année »).']","['année', 'lustre', 'olympiade', 'siècle', 'annal', 'annalité', 'annuaire', 'annualité', 'annuel', 'année', 'décennaire', 'pluriannuel', 'quadriennal', 'quartanier', 'quartannier', 'semi-annuel', 'septennalisme', 'triennal', 'trisannuel', 'an']",[],[],NULL,[],NULL,NULL,[],non dérivé
antifébrile,Nom commun,['Remède contre les fièvres.'],"['Composé de anti-, fébrile et fièvre.']","['antifébrile', 'antipyrétique', 'enfièvrement', 'enfiévrer', 'enfiévré', 'fièvre', 'fiévrette', 'fiévreux', 'fébrile', 'fébriliser', 'fébrilité', 'pyrétique']","['préfixation', 'suffixation']","['anti-', '-ile']",-fébr-,"[('', '')]",latin,fièvre,"['fébrile', 'fébriliser', 'fébrilité']",supplétion régulière
main,Nom commun 1,"['Partie du corps humain située au bout du bras, qui s’étend du poignet jusqu’au bout des doigts, qui sert à la préhension et au toucher.']","[""Du moyen français main, de l’ancien français man , main, mein, du latin manus (« manus »), du proto-italique *manus, ultimement de l’indo-européen *man- (« main »), d'où le verbe albanais man (« porter ») cognat de l’espagnol mano, de l’italien mano, du portugais mão.""]","['baisemain', 'mainlevée', 'mainmettre', 'mainmise', 'mainmortable', 'mainmorte', 'mainmuable', 'maintenage', 'maintenance', 'mainteneur', 'maintenir', 'maintien', 'maniforme', 'manuel', 'tournemain', 'louche', 'manette', 'menotte', 'mimine', 'paluche', 'patoche', 'pince', 'pogne', 'torcheculs', 'centimane', 'maniabilité', 'maniable', 'maniage', 'manicle', 'maniement', 'manier', 'manière', 'maniérer', 'maniérisme', 'maniériste', 'maniette', 'manieur', 'manifestant', 'manifestatif', 'manifestation', 'manifestement', 'manifester', 'manille', 'maniller', 'manilleur', 'manillon', 'maniotte', 'manipulaire', 'manipulateur', 'manipulation', 'manipuler', 'manipuleur', 'manique', 'manivelle', 'manœuvrable', 'manœuvrant', 'manœuvre', 'manœuvrée', 'manœuvrer', 'manœuvrerie', 'manœuvrier', 'manoque', 'manoquer', 'manubaliste', 'manucaude', 'manucure', 'manucurer', 'manuducteur', 'manuduction', 'manuellement', 'manufacturable', 'manufacturer', 'manufacturier', 'manuluve', 'manumis', 'manumission', 'manuscription', 'manuscrit', 'manustupration', 'manutention', 'manutentionnaire', 'manutentionnel', 'manutentionner', 'manuterge', 'quadrumane', 'bras', 'immaniable', 'main', 'manieuse', 'manualiser', 'manualité', 'manîment', 'remaniable', 'remaniement', 'remanier', 'remanieur', 'remanieuse', 'acrochiriste']",[],[],NULL,[],NULL,NULL,[],non dérivé
myrmicéen,Adjectif,['Relatif aux fourmis.'],"['Du grec ancien μύρμηξ, mýrmêx (« fourmi »).']","['formique', 'biforme', 'fourmi', 'fourmiette', 'fourmilier', 'fourmilière', 'fourmillant', 'fourmillement', 'fourmiller', 'myrmicéen', 'Fourminette']",['suffixation'],['-éen'],myrmic-,"[('μύρμηξ, mýrmêx', 'fourmi')]",grec ancien,fourmi,[],supplétion rare
gibbeux,Adjectif,"['Qui est proéminent, en forme de bosse.']",['Du latin gibbosus (« bossu »).'],"['Bossette', 'bossage', 'bossariat', 'bosse', 'bosselage', 'bosseler', 'bosselette', 'bossellement', 'bosselure', 'bosselé', 'bosser', 'bossetier', 'bossette', 'bosseur', 'bosseuse', 'bosseux', 'bossier', 'bossier', 'bossinette', 'bossu', 'bossèlement', 'débosselage', 'débosseler', 'embossage', 'embosser', 'gibbeux', 'gibbosité']",['suffixation'],['-eux'],gibb-,"[('gibbosus', 'bossu')]",latin,bosse,['gibbosité'],supplétion rare
mer,Nom commun,['Vaste étendue d’eau salée qui baigne les diverses parties de la terre.'],,"['amerrir', 'amerrissage', 'ADM', 'MT', 'amarinage', 'amariner', 'amarinite', 'aurantiamarine', 'convallamarine', 'emmariner', 'héliomarin', 'marée', 'marin', 'marinade', 'marinage', 'marine', 'marinesque', 'marinette', 'marinier', 'marinisme', 'mariniste', 'maritime', 'transmarin', 'thalassophobie', 'terre', 'marinité', 'mer', 'sous-marin', 'sous-marinité', 'thalassien']",[],[],NULL,[],NULL,NULL,[],non dérivé
céleste,Adjectif,"['Qui appartient au ciel, pris pour l’espace qui semble former une voûte au-dessus de la terre.']","['Du latin caelestis, dérivé de caelum (ciel).']","['célestement', 'célestiser', 'astre', 'astronomie', 'ciel', 'ouranien', 'céleste', 'célestité']",['suffixation'],['-este'],cél-,"[('caelestis', ''), ('caelum', 'ciel')]",latin,ciel,"['célestement', 'célestiser', 'célestité']",supplétion régulière
vent,Nom commun,['Mouvement d’air extérieur et nettement perceptible suivant une direction déterminée.'],"['Du moyen français vent, de l’ancien français vent, du latin ventum, accusatif singulier de ventus.']","['abrivent', 'contrevent', 'contreventement', 'contreventer', 'déventer', 'évent', 'éventable', 'éventage', 'éventail', 'éventaillé', 'éventaillerie', 'éventaillier', 'éventailliste', 'éventaire', 'éventement', 'éventer', 'éventeur', 'éventiller', 'éventoir', 'grilauvent', 'reventer', 'surventer', 'ventage', 'ventail', 'ventaille', 'ventaison', 'venté', 'venteau', 'ventelet', 'venter', 'venterolles', 'venteur', 'venteux', 'ventier', 'ventilateur', 'ventilation', 'ventiler', 'ventileuse', 'ventillon', 'ventôse', 'virevent', '🌬', 'anémomètre', 'girouette', 'houlée', 'pétomane', 'déventement', 'Eole', 'Eolie', 'vent', 'ventosité', 'Éolien', 'éolien', 'éolisme']",[],[],NULL,[],NULL,NULL,[],non dérivé
caprin,Adjectif,['Relatif à la chèvre.'],"['Du latin caprinus (« de chèvre »), de caper (« bouc ») et capra (« chèvre »).']","['cabrette', 'caprin', 'caprinette', 'chabrette', 'chevrette', 'chevrettière', 'chevreuil', 'chevrier', 'Cabrette', 'chèvre']",['suffixation'],['-in'],capr-,"[('caprinus', 'de chèvre'), ('caper', 'bouc'), ('capra', 'chèvre')]",latin,chèvre,['caprinette'],supplétion rare
sel,Nom commun,"['Nom courant du chlorure de sodium, composé ionique, friable, soluble dans l’eau, que l’on extrait de la mer, de sources salées, de mines, et dont on se sert surtout pour assaisonner et conserver les aliments.']","['Du moyen français sel, issu de l’ancien français sel, lui-même du latin sāl (« sel, eau de mer, mer, esprit, finesse, plaisanterie piquante, élégance, délicatesse du goût »), issu de l’indo-européen commun *seh₂l-.', 'La racine indo-européenne a également donné sāļš (letton), salt (anglais), salann (gaélique irlandais), sůl (tchèque), Salz (allemand), sól (polonais), halen (gallois), salt (gothique), sal (vieux prussien), salila (sanskrit), salapia (illyrien), etc.', 'Le mot, dans les langues issues de l’indo-européen, est souvent lié à celui de « mer » comme θάλασσα, thálassa en grec, Salacia la déesse de la mer chez les Romains, sea en anglais, etc.']","['RSF', 'sélinot', 'sels', 'sursel', 'salade', 'saladier', 'salaire', 'salarial', 'salariat', 'salarié', 'salarier', 'salant', 'salaison', 'saloir', 'salé', 'salègre', 'saler', 'saleron', 'salière', 'salicole', 'saliculture', 'salifère', 'salifiable', 'salifier', 'salicorne', 'salignon', 'salin', 'saline', 'salinier', 'salinité', 'salorge', 'salpêtre', 'salpêtrière', 'Salzbourg', 'sauce', 'saucer', 'saucier', 'saucière', 'saucisse', 'saucisson', 'saucissonner', 'saucissonnage', 'saugrenu', 'saumâtre', 'saumure', 'saumurage', 'saumurer', 'saunage', 'saunaison', 'sauner', 'saunerie', 'saunier', 'saunière', 'saupoudrer', 'saupoudrage', 'gabelle', 'paludier', 'dessaliniser', 'désalinisation', 'désaliniser', 'insalifiable', 'resalage', 'resaler', 'salage', 'salaisonnier', 'saleur', 'saleuse', 'salification', 'saliniste', 'salinitude', 'salinière', 'saulnier', 'sel', 'SEL']",[],[],NULL,[],NULL,NULL,[],non dérivé
studieux,Adjectif,['Qui aime l’étude ; qui aime à étudier.'],['Du latin studiosus.'],"['studieusement', 'instudieux', 'studiosité', 'studieux', 'étude', 'étudier', 'étudié']",['suffixation'],['-ieux'],stud-,"[('studiosus', '')]",latin,étude,"['studieusement', 'instudieux', 'studiosité', 'studieux', 'studiosité']",supplétion régulière
tasse,Nom commun,"['Récipient pour boire, muni d’une anse.']","['De l’arabe طس, tass (« coupe, écuelle »), lui-même, selon certains, emprunté au persan تشت, tašt (« tasse »), soucoupe, ce qui serait inexact selon Lammens. Les dérivés تشت, tašt et طست, tast, respectivement persan et arabe, sont du même radical « de haute antiquité » arabe : طس, tas. Le mot est probablement passé en français par lintermédiaire de l’italien tazza ou du provençal tassa.']","['tassette', 'bol', 'tasse', 'tassetier', 'tassette']",[],[],NULL,[],NULL,NULL,[],non dérivé
mot,Nom commun,"['Succession de sons dans les langues parlées, ou de signes dans les langues des signes ou écrites, qui a un sens propre.']","['(Linguistique) Du latin muttum (« grognement, son ») dérivé de l’onomatopée mutmut (« murmure, son à peine distinct ») qui elle même vient de l’onomatopée mu (« murmure »). Il est passé du sens de « son » à « son qui décrit une parole, un verbe », puis « parole, discours ».', '(Informatique) Calque de l’anglais word (« mot »).']","['motet', 'motus', 'écrit', 'parole', 'borborygme', 'texte', 'phrase', 'proposition', 'syntagme', 'complément', 'noyau', 'sujet', 'glossaire', 'mot', 'MOT']",[],[],NULL,[],NULL,NULL,[],non dérivé
fauteuil,Nom commun,"['Siège comportant des accotoirs, et un dossier.']","['Du moyen français fauteuil, de l’ancien français faldestoed (XIIᵉ siècle), faudestuel (1165-1170) (Chrétien de Troyes), issu du vieux-francique *faldistôl (« siège pliant »).', 'Voir falten Stuhl en allemand, pour des équivalents modernes des composés du mot.']","['chesterfield', 'fauteuil']",[],[],NULL,[],NULL,NULL,[],non dérivé
polyadelphe,Adjectif,['Qui appartient à la polyadelphie.'],"['Motdérivé de adelphe (« frère »), avec le préfixe poly- (« plusieurs »).']","['diadelphe', 'diadelphique', 'fraternaliste', 'fraternalité', 'fraternel', 'fraternisation', 'fraterniser', 'frère', 'frérette', 'polyadelphe', 'adelphat']",['préfixation'],['poly-'],-adelphe,"[('adelphe', 'frère'), ('poly-', 'plusieurs')]",grec ancien,frère,"['diadelphe', 'diadelphique', 'adelphat']",supplétion régulière
fin,Nom commun 1,"[""Ce qui termine une chose, en marque la limite, en est l'extrémité.""]","[') Du latin fīnis (« confins, frontière, limite, borne, clôture ») dont est issu fīnīre (« borner, finir, cesser »).']","['confinement', 'confiner', 'confins', 'définir', 'définition', 'final', 'finalement', 'finalisation', 'finaliser', 'finalisme', 'finaliste', 'finalité', 'finance', 'financer', 'financement', 'financier', 'fini', 'finir', 'finissage', 'finissant', 'finisseur', 'finisseuse', 'finissure', 'finition', 'finitude', 'infini', 'infinité', 'demi-fini', 'fin', 'finale', 'finalitaire', 'finissement', 'finitif', 'finitisme', 'finitiste', 'finité', 'infiniste', 'infinitaire', 'infinitisme', 'infinitiste', 'infinitude', 'infinitéisme', 'semi-fini', 'semifini']",[],[],NULL,[],NULL,NULL,[],non dérivé
arbre,Nom commun,"['Végétal haut de plus de 7 mètres, dont la tige, appelée fût ou tronc, ne se garnit de branches et de feuilles qu’à une certaine hauteur. La partie constituée par les branches et les feuilles s’appelle houppier.']","['Du moyen français arbre, de l’ancien français arbre, du latin arbor.']","['arborescence', 'arbrisseau', 'arbuste', '🌲', '🌳', '🌴', '🎋', '\U0001fabe', 'arborescent', 'arboricole', 'arboriculteur', 'arboricultrice', 'arboriculture', 'arborisation', 'arborisé', 'arboriste', 'adryade', 'hamadryade', 'dendrochronologie', 'dendroïde', 'dendritique', 'kodama', 'arborer', 'arboriser', 'arbraie', 'arbre', 'arbret', 'arbreter', 'arbrier', 'arbrot', 'arbrée', 'dendrite', 'désherbage', 'désherbant', 'désherbement', 'désherber', 'enherbage', 'enherbement', 'enherber', 'erbee', 'herbage', 'herbagement', 'herbager', 'herbagère', 'herbaie', 'herbaçaie', 'herbe', 'herbelette', 'herber', 'herberaie', 'herbette', 'herbeux', 'herbier', 'herbillette', 'herbu']",[],[],NULL,[],NULL,NULL,[],non dérivé
funiculaire,Adjectif,['Qui est mis en mouvement par un ensemble de câbles ou de cordes.'],"['(Nom commun 1)Dérivé de funicule, avec le suffixe -aire.']","['cordage', 'cordaginet', 'corde', 'cordeler', 'cordelet', 'cordelette', 'cordelier', 'cordelière', 'cordelle', 'corder', 'cordette', 'cordier', 'cordiste', 'cordite', 'cordounette', 'cordé', 'décordage', 'décordement', 'décorder', 'désaccord', 'désaccordage', 'désaccordement', 'désaccorder', 'encordage', 'encordement', 'encorder', 'encordé', 'funiculaire', 'inaccordable', 'monocorde', 'monocordité', 'raccord', 'raccordement', 'raccorder', 'recordage', 'recordation', 'recordement', 'recorder', 'recordé', 'accord', 'accordabilité', 'accordable', 'accordage', 'accordement', 'accorder', 'accordeur', 'accordique']",['suffixation'],['-aire'],funicul-,"[('', '')]",latin,corde,[],supplétion rare
foliacé,Adjectif,"['Qui est de la nature des feuilles, qui a l’apparence d’une feuille.']",['Du latin foliaceus (« en forme de feuille »).'],"['foliesque', 'folliforme', 'défeuillage', 'défeuillaison', 'défeuillement', 'défeuiller', 'défoliation', 'défolier', 'enfeuiller', 'feuillage', 'feuillagiste', 'feuillaison', 'feuille', 'feuiller', 'feuilleret', 'feuillet', 'feuilletage', 'feuilletement', 'feuilleter', 'feuilleteur', 'feuillette', 'feuilleté', 'feuilliste', 'feuillu', 'feuillère', 'foliacé', 'foliaire', 'folié', 'phyllie', 'phyllien', 'quadrifolié', 'triphylle', 'unifolié']",['suffixation'],['-acé'],foli-,"[('foliaceus', 'en forme de feuille')]",latin,feuille,"['foliesque', 'folliforme', 'défoliation', 'défolier', 'foliaire', 'folié', 'quadrifolié', 'unifolié']",supplétion régulière
jour,Nom commun,"['Période de vingt-quatre heures, commençant généralement à minuit ; en certains lieux et à certaines époques, le jour commençait plutôt avec le lever ou le coucher du soleil.']","['Du moyen français jour, de l’ancien français jor, jorn , du latin diŭrnus (→ voir diurne), adjectif devenu substantif en bas latin de Gaule et d’Italie (en italien, giorno), où il a éliminé le classique dies, maintenu en Ibérie et Dacie (→ voir l’espagnol día, le gascon dia, le portugais dia et le roumain zi). Cognat du corse ghjornu \\ˈdjɔr.nu\\.']","['ajour', 'ajourer', 'ajournement', 'ajourner', 'aujourd’hui', 'bonjour', 'contrejour', 'déjour', 'jourd’hui', 'jourd’huy', 'journal', 'journaleux', 'journalier', 'journaliser', 'journalisme', 'journaliste', 'journalistique', 'journau', 'journée', 'journel', 'journellement', 'journoyer', 'réajourner', 'séjour', 'séjournement', 'séjourner', 'toujours', 'diurne', 'quotidien', 'nuit', 'fond', 'mois', 'semaine', 'weekend', 'biquotidien', 'diaire', 'jour', 'quotidiennat', 'quotidiennerie', 'quotidienneté']",[],[],NULL,[],NULL,NULL,[],non dérivé
ciel,Nom commun 1,['Espace immense dans lequel se meuvent tous les astres.'],"['Du latin caelum, de même sens.']","['atmosphère', 'azur', 'cosmos', 'firmament', 'voûte', 'zénith', 'aéronef', 'astre', 'avion', 'comète', 'éclipse', 'étoile', 'lune', 'météo', 'météore', 'nuage', 'ovni', 'phénomène', 'photométéore', 'planète', 'soleil', 'céleste', 'terre', 'sol', 'ciel', 'célestité']",[],[],NULL,[],NULL,NULL,[],non dérivé
table,Nom commun,"['Surface plane de bois, de pierre, de marbre, etc., posée sur un ou plusieurs pieds et qui sert à divers usages.']","['Du latin tabŭla (« planche, planchette »). Des divers usages de cette planche originelle (meuble, partie plane de certains objets, tablette pour écrire) sont issus les différents sens actuels.']","['attabler', 'attablement', 'DST', 'entablement', 'établi', 'établir', 'établissement', 'minitable', 'retable', 'rétabli', 'rétablir', 'rétablissement', 'tableau', 'tabler', 'tablette', 'tabuler', 'tabulation', 'entabler', 'tabellaire', 'tablage', 'table', 'tabler', 'tableur', 'tablier', 'tablier', 'tabulaire', 'tabularité', 'Table']",[],[],NULL,[],NULL,NULL,[],non dérivé
chaise,Nom commun,"['Siège avec dossier, sans accoudoirs.']","['De chaire par assibilation dialectale du \\r\\ intervocalique ; plus avant, du latin cathedra.', 'Dans les toponymes ou noms de bâtiments (→ voir Lachaise, La Chaise-Dieu, Chaise-Dieu-du-Theil, La Chaise-Baudouin et La Chaise), issu du latin casa (« maison »).']","['chaisier', 'chaisière', 'minichaise', 'seize', 'chaise', 'chaisette', 'chaisounette']",[],[],NULL,[],NULL,NULL,[],non dérivé
région,Nom commun,['Vaste territoire ; étendue de pays.'],"[""Du latin regio, lui-même de regere. Au XIIᵉ siècle, signifie « pays ». Comparez l'ancien français royon, rëon, reiun, hérités du même étymon.""]","['écorégion', 'eurorégion', 'ROM', 'régionnaire', 'régionalisation', 'régionaliser', 'régionalisme', 'régionaliste', 'coin', 'environ', 'regio', 'région', 'régional', 'régionalitude', 'régionalité', 'Région']",[],[],NULL,[],NULL,NULL,[],non dérivé
divitisme,Nom commun,['Extrême richesse.'],"['Du latin dives (gén.: divitis), « riche », et du suffixe -isme.']","['paupérisme', 'divitiaire', 'divitisme', 'richard', 'riche', 'richesse', 'richissime', 'richissimité']",['suffixation'],['-isme'],divit-,"[('dives (gén.: divitis)', 'riche')]",latin,riche,['divitiaire'],supplétion rare 
chat,Nom commun 1,"['Mammifère carnivore félin de taille moyenne, au museau court et arrondi, domestiqué, apprivoisé ou encore à l’état sauvage.']","['Du moyen français chat, de l’ancien français chat, du bas latin cattus « chat (domestique) », mot que certains rapprochent du copte (bohaïrique) ϣⲁⲩ, šau « matou », peut-être issu de l’égyptien moyen tešau « chatte ». Le classique felis, feles désignait le chat sauvage d’Europe (Felis silvestris silvestris).']","['anarchat', 'cataire', 'chatricide', 'chataire', 'chatière', 'chatillon', 'chatoiement', 'chaton', 'chatonner', 'chatoyant', 'chatoyer', 'chatron', 'chatte', 'chattement', 'chattemite', 'chattepeleuse', 'chattepelouse', 'chatteplouse', 'chatter', 'chatterie', 'déchatonner', 'enchatonnement', 'enchatonner', 'entrechat', 'greffier', 'Grippeminaud', 'minet', 'mistigri', 'Raminagrobis', 'matou', '🐈', '😸', '😼', '😽', '🙀', 'ailurophile', 'ailurophobe', 'ailurophobie', 'ailourophobie', 'feuler', 'feulement', 'galéphobie', 'miauler', 'miaulement', 'ronronner', 'ronronnement', 'chat', 'chater', 'chattounette', 'Chaminette', 'Chat', 'félin', 'félinité', 'tchat', 'tchate', 'tchater']",[],[],NULL,[],NULL,NULL,[],non dérivé
viaire,Adjectif,['Se dit de ce qui a trait à la voie publique.'],"['et (nom commun 1) Du latin via, avec le suffixe -aire.']","['biviaire', 'dévoiement', 'dévoyer', 'dévoyé', 'envoi', 'envoyer', 'envoyeur', 'envoyeuse', 'renvoi', 'renvoyer', 'renvoyette', 'renvoyeur', 'renvoyeuse', 'viaire', 'voie', 'voyer', 'voyette', 'émissaire']",['suffixation'],['-aire'],vi-,"[('via', '')]",latin,voie,['biviaire'],supplétion rare
terre,Nom commun,"['Sol sur lequel nous marchons, sur lequel les maisons sont construites, qui produit et nourrit les végétaux.']","['De l’ancien français terre, terra, du latin terra.']","['Angleterre', 'atterrir', 'atterrissage', 'atterrissement', 'atterrisseur', 'déterrage', 'déterré', 'déterrée', 'déterrement', 'déterrer', 'déterreur', 'enterrage', 'enterrement', 'enterrer', 'extraterrestre', 'fumeterre', 'redéterrer', 'réenterrer', 'terraformation', 'terrage', 'terrain', 'terramare', 'terraqué', 'terrarium', 'terrasse', 'terrassement', 'terrasser', 'terrassier', 'terreau', 'terreauter', 'terrer', 'terrestre', 'terreux', 'terricide', 'terricole', 'terrien', 'Terrien', 'terrier', 'terrière', 'terrigène', 'terrine', 'territoire', 'territorial', 'territorialité', 'terroir', 'Finistère', 'chthonien', 'chtonien', 'tellure', 'tellureux', 'tellurien', 'tellurique', 'tellurisme', 'tellurite', 'terrassette', 'terre', 'terrein', 'terrestritude', 'terrestrité', 'terrir', 'Terre']",[],[],NULL,[],NULL,NULL,[],non dérivé
locataire,Nom commun,"['Celui, celle qui occupe une maison ou une partie de maison à loyer.']",['Dérivé savant du latin locatum (« louer ») et -aire.'],"['colocataire', 'multilocataire', 'félicitation', 'féliciter', 'féliciteur', 'laudateur', 'laudatif', 'laudatrice', 'locataire', 'locateur', 'locatier', 'locatif', 'location', 'loquer', 'louable', 'louage', 'louageur', 'louange', 'louanger', 'louangette', 'louangeur', 'louangeur', 'louangeuse', 'louer', 'loueur', 'loueuse', 'loué', 'loyer', 'relocation', 'reloquer', 'relouage', 'relouer']",['suffixation'],['-aire'],locat-,"[('locatum', 'louer')]",latin,louer,"['colocataire', 'multilocataire', 'locateur', 'locatier', 'locatif', 'location', 'relocation']",supplétion régulière